{
    "en": {
        "g_get_card_prompt_def": "\nDraw a dev card (Type 'y'): ",
        "g_get_card_prompt_must": "\nYou have to draw a dev card!!! (Type 'y')",
        "g_last_card": "\nLast card drawn, reshuffling cards",
        "g_time_updated": "\n<Time Updated to {time}:00>",
        "g_cower_prompt_def": "\nYour health is low! Do you want to cower to regain health? (Type 'cower' to cower or 'continue' to proceed)",
        "g_cower_prompt_must": "\nPlease choose a valid option! Do you want to cower to regain health? (Type 'cower' to cower or 'continue' to proceed)",
        "g_fight_zombie_prompt_def": "\nThere are {zombies} Zombies! Do you want to fight or run away? (Type 'fight' or 'run'): ",
        "g_fight_zombie_prompt_must": "\nPlease choose a valid option! Do you want to fight or run away? (Type 'fight' or 'run'): ",
        "g_draw_item_prompt_def": "\nWould you like to draw another dev card to retrieve an item? (Type 'y' for yes, 'n' for no)",
        "g_draw_item_prompt_must": "\nPlease choose a valid option! Would you like to draw another dev card to retrieve an item? (Type 'y' for yes, 'n' for no)",
        "g_print_event": "\nEvent occurred: {event}",
        "g_no_item": "\nYou chose not retrieve any item. Continuing game...",
        "g_get_card_prompt_item": "\nPlease draw another card to retrieve item (Type 'y')",
        "g_no_tile_to_run_away": "\n!!No previously tile explored. You must stay and fight!!",
        "g_run_away": "\nYou chose to run away! You can move to a previosuly explored tile.",
        "g_run_away_tile_prompt": "\nChoose a tile number to run to: ",
        "g_run_away_to": "\nPlayer ran away to {name} and lost 1 health.",
        "g_run_away_error1": "\nInvalid choice. Please choose a valid tile number.",
        "g_run_away_error2": "\nPlease enter a valid number.",
        "g_cowerd_msg": "\nYou chose to cower, curling up to regain health...",
        "g_cowerd_health_gained": "\nPlayer gained 3 health points from cowering",
        "g_cowered_time_passed": "\nTime passed as you recovered (A dev card was discarded from the deck.)",
        "g_used_candle_oil": "\nCandle and Oil used. No damage received.",
        "g_used_candle_gas": "\nCandle and Gasoline used. No damage received.",
        "g_damage_recieved": "\nPlayer has received {damage} damage",
        "g_no_damage_recieved": "\nPlayer did not take any damage",
        "g_tile_special_recieved": "\nYou've received a bonus from tile special, {name} : {special}",
        "g_replace_item": "\nChoose an item to be replaced? \n 1. {item0}\n 2. {item1} \n3. Do not replace item\nOption: ",
        "g_no_item_replace": "\n\nPlayer chose to not replace the items in the inventory.\n",
        "g_invalid_item_alarm": "\n!!!Error: Item '{item}' not found in development card list.!!!",
        "g_combain_gas_chain_prompt": "\nDo you want to combine Gasoline and Chainsaw to add fuel to Chainsaw? (y for yes, any other key for no): ",
        "g_combain_gas_chain_msg": "\nGasoline has been used to fuel the Chainsaw. Chainsaw count increased by 2.",
        "g_chainsaw_use_count": "\n\nChainsaw can be used: {count}",
        "g_combain_candle_oil_prompt": "\nYou have both Candle and Oil. Using both will prevent any damage. Do you want to use them? (y for yes, any other key for no): ",
        "g_combain_candle_gas_prompt": "\nYou have both Candle and Gasoline. Using both will prevent any damage. Do you want to use them? (y for yes, any other key for no): ",
        "g_use_item_prompt": "\nConfirm to use this item: {item}? (y for yes, any other key for no): ",
        "g_choose_use_item": "\nWhich item do you want to use? \n1. {item1} \n2. {item2}\n3. Not to use item\nOption: ",
        "g_no_item_used": "\nNo item is used.",
        "g_item_used": "\n{item} is used. Removed from inventory.",
        "g_chainsaw_used": "\nChainsaw used. Remaining usage: {count}",
        "g_max_chainsaw_used": "\nChainsaw reached the maximum number of usage. Removed from your inventory.",
        "g_place_patio_prompt": "\nYou can now place the patio tile to access the outdoor area. Would you like to proceed? (y/n): ",
        "g_placed_patio_msg": "\nYou have placed down the Patio tile",
        "g_patio_place_error_alarm": "\n!!!Error: The reserved exit is blocked by another tile. Cannot place the Patio tile.!!!",
        "g_patio_no_placed": "\nYou have chosen not to place the patio tile",
        "g_place_patio_prompt_must": "\nInvalid command! You can now place the patio tile to access the outdoor area. Would you like to proceed? (y/n): ",
        "g_evil_temple_draw_prompt": "\nDraw a dev card to search for the totem (Type 'y'): ",
        "g_deadend_prompt": "\nYou have reached a dead end! Do you want to use Zombie Doors to break through a wall? (y for yes, any other key for no): ",
        "g_deadend_stay_msg": "\nYou chose to stay and are stuck in the current room.",
        "g_choose_wall_prompt": "\nChoose a wall for zombies to break through-\n1: Left\n2: Up\n3: Right\n4: Down\nOption (1 - 4): ",
        "g_choose_wall_msg": "\nZombies have broken through the {dir} wall!",
        "g_invalid_choice": "\nInvalid choice. Please choose a number from between 1 and 4: ",
        "g_invalid_input": "\nInvalid input. Please choose a NUMBER from between 1 and 4: ",
        "g_final_prompt1": "\nYou are in the graveyard and have the totem. You can attempt to bury the totem.\nDo you want to bury the totem? (y/n): ",
        "g_bury_draw_1": "\nDraw a dev card to start burying the totem. (Type 'y'): ",
        "g_bury_draw_2": "\nDraw another card to finish burying the totem. (Type 'y'): ",
        "g_win_msg": "\n***YOU WON! - You have successfully buried the totem in the Graveyard!***",
        "g_lose_msg1": "\n***GAMEOVER! - You did not survive the second dev card.***",
        "g_lose_msg2": "\n***GAMEOVER! - You did not survive the first dev card.***",
        "g_choose_bury_no": "\nYou chose not to bury the totem.",
        "g_lose_msg3": "\n***GAMEOVER! - Ran out of time***",
        "g_find_totem_prompt": "\nDraw a dev card to search for the totem (Type 'y')",
        "g_totem_aqquired_msg": "\nTotem accquired",
        "g_lose_msg4": "\n***GAMEOVER! - Ran out of lives***",
        "p_on_tile_msg": "\nPlayer starting tile: {name}",
        "p_error_no_foyer": "\n!!!Error: Foyer tile not found!!!",
        "p_error_cant_move_wall": "\n!!!Error: Cannot move {name}, there's a wall!!!",
        "p_error_cant_move_in_out": "\n!!!Error: Cannot move from {self.current_tile.name} (Outdoor) to {next_tile.name} (Indoor). You must go through the Patio!!!",
        "p_player_moved_from_to": "\nPlayer moved {direction} to {current_tile}",
        "p_player_tile_no": "\n---No more tiles to draw.---",
        "p_tile_drew": "\nYou drew the {tile} tile",
        "p_moved_to_prev_tile": "\nPlayer moved to previosuly explored tile: {current_tile}",
        "p_aval_exits": "\nYou are in {current_tile}. Exits are: {exits}",
        "p_health_msg": "\nPlayers health is now {health}",
        "g_map_title": "\n------------Map------------\n",
        "g_tile_cant_outdoor": "\nPatio tile is not available in outdoor tiles.",
        "g_info_1": "\n\nTime: {time}:00\nHealth: {health}\nAttack: {attack_points}\n",
        "g_info_2": "\nCurrent Tile: {current_tile}\n",
        "g_info_3": "\nPrevious Tile: {previous_tile}\n",
        "g_info_4": "\nInventory: {item}\n",
        "p_invalid_dir": "\nInvalid direction. Please choose a valid direction",
        "p_choose_dir_or_save": "\n(Type '//save' to save progress)Choose a direction to move ({exits}): "
    },
    "es": {
        "g_get_card_prompt_def": "\nRobar una carta de desarrollo (Escribe 'y'): ",
        "g_get_card_prompt_must": "\n¡Tienes que robar una carta de desarrollo! (Escribe 'y')",
        "g_last_card": "\nÚltima carta robada, barajando las cartas",
        "g_time_updated": "\n<Tiempo actualizado a las {time}:00>",
        "g_cower_prompt_def": "\n¡Tu salud está baja! ¿Quieres acurrucarte para recuperar salud? (Escribe 'acurrucarse' para acurrucarte o 'continuar' para seguir)",
        "g_cower_prompt_must": "\n¡Por favor elige una opción válida! ¿Quieres acurrucarte para recuperar salud? (Escribe 'acurrucarse' o 'continuar')",
        "g_fight_zombie_prompt_def": "\n¡Hay {zombies} zombis! ¿Quieres luchar o huir? (Escribe 'luchar' o 'huir'): ",
        "g_fight_zombie_prompt_must": "\n¡Por favor elige una opción válida! ¿Quieres luchar o huir? (Escribe 'luchar' o 'huir'): ",
        "g_draw_item_prompt_def": "\n¿Te gustaría robar otra carta de desarrollo para recuperar un objeto? (Escribe 'y' para sí, 'n' para no)",
        "g_draw_item_prompt_must": "\n¡Por favor elige una opción válida! ¿Te gustaría robar otra carta de desarrollo para recuperar un objeto? (Escribe 'y' para sí, 'n' para no)",
        "g_print_event": "\nOcurrió un evento: {event}",
        "g_no_item": "\nDecidiste no recuperar ningún objeto. Continuando el juego...",
        "g_get_card_prompt_item": "\nPor favor roba otra carta para recuperar un objeto (Escribe 'y')",
        "g_no_tile_to_run_away": "\n!!No hay una loseta explorada previamente. ¡Debes quedarte y luchar!!",
        "g_run_away": "\n¡Elegiste huir! Puedes moverte a una loseta explorada previamente.",
        "g_run_away_tile_prompt": "\nElige un número de loseta a la que correr: ",
        "g_run_away_to": "\nEl jugador huyó a {name} y perdió 1 punto de salud.",
        "g_run_away_error1": "\nElección inválida. Por favor elige un número de loseta válido.",
        "g_run_away_error2": "\nPor favor introduce un número válido.",
        "g_cowerd_msg": "\nElegiste acurrucarte, acurrucándote para recuperar salud...",
        "g_cowerd_health_gained": "\nEl jugador ganó 3 puntos de salud por acurrucarse",
        "g_cowered_time_passed": "\nEl tiempo pasó mientras te recuperabas (Se descartó una carta de desarrollo del mazo.)",
        "g_used_candle_oil": "\nSe usaron la vela y el aceite. No se recibió daño.",
        "g_used_candle_gas": "\nSe usaron la vela y la gasolina. No se recibió daño.",
        "g_damage_recieved": "\nEl jugador ha recibido {damage} de daño",
        "g_no_damage_recieved": "\nEl jugador no recibió ningún daño",
        "g_tile_special_recieved": "\nRecibiste un bono del especial de la loseta, {name}: {special}",
        "g_replace_item": "\nElige un objeto para reemplazar: \n 1. {item0}\n 2. {item1} \n3. No reemplazar objeto\nOpción: ",
        "g_no_item_replace": "\n\nEl jugador decidió no reemplazar los objetos en el inventario.\n",
        "g_invalid_item_alarm": "\n¡¡¡Error: Objeto '{item}' no encontrado en la lista de cartas de desarrollo.!!!",
        "g_combain_gas_chain_prompt": "\n¿Quieres combinar Gasolina y Motosierra para añadir combustible a la motosierra? (y para sí, cualquier otra tecla para no): ",
        "g_combain_gas_chain_msg": "\nSe usó la gasolina para alimentar la motosierra. Cuenta de la motosierra aumentada en 2.",
        "g_chainsaw_use_count": "\n\nLa motosierra puede ser usada: {count}",
        "g_combain_candle_oil_prompt": "\nTienes tanto vela como aceite. Usar ambos evitará cualquier daño. ¿Quieres usarlos? (y para sí, cualquier otra tecla para no): ",
        "g_combain_candle_gas_prompt": "\nTienes tanto vela como gasolina. Usar ambos evitará cualquier daño. ¿Quieres usarlos? (y para sí, cualquier otra tecla para no): ",
        "g_use_item_prompt": "\nConfirma el uso de este objeto: {item}? (y para sí, cualquier otra tecla para no): ",
        "g_choose_use_item": "\n¿Qué objeto quieres usar? \n1. {item1} \n2. {item2}\n3. No usar objeto\nOpción: ",
        "g_no_item_used": "\nNo se usó ningún objeto.",
        "g_item_used": "\n{item} ha sido usado. Eliminado del inventario.",
        "g_chainsaw_used": "\nMotosierra usada. Usos restantes: {count}",
        "g_max_chainsaw_used": "\nLa motosierra ha alcanzado el número máximo de usos. Eliminada de tu inventario.",
        "g_place_patio_prompt": "\nAhora puedes colocar la loseta del patio para acceder al área exterior. ¿Te gustaría proceder? (y/n): ",
        "g_placed_patio_msg": "\nHas colocado la loseta del patio",
        "g_patio_place_error_alarm": "\n¡¡¡Error: La salida reservada está bloqueada por otra loseta. No se puede colocar la loseta del patio.!!!",
        "g_patio_no_placed": "\nHas elegido no colocar la loseta del patio",
        "g_place_patio_prompt_must": "\n¡Comando inválido! Ahora puedes colocar la loseta del patio para acceder al área exterior. ¿Te gustaría proceder? (y/n): ",
        "g_evil_temple_draw_prompt": "\nRoba una carta de desarrollo para buscar el tótem (Escribe 'y'): ",
        "g_deadend_prompt": "\n¡Has llegado a un callejón sin salida! ¿Quieres usar Puertas de Zombis para atravesar una pared? (y para sí, cualquier otra tecla para no): ",
        "g_deadend_stay_msg": "\nElegiste quedarte y estás atrapado en la sala actual.",
        "g_choose_wall_prompt": "\nElige una pared para que los zombis atraviesen-\n1: Izquierda\n2: Arriba\n3: Derecha\n4: Abajo\nOpción (1 - 4): ",
        "g_choose_wall_msg": "\n¡Los zombis han atravesado la pared de {dir}!",
        "g_invalid_choice": "\nElección inválida. Por favor elige un número entre 1 y 4: ",
        "g_invalid_input": "\nEntrada inválida. Por favor elige un NÚMERO entre 1 y 4: ",
        "g_final_prompt1": "\nEstás en el cementerio y tienes el tótem. Puedes intentar enterrar el tótem.\n¿Quieres enterrar el tótem? (y/n): ",
        "g_bury_draw_1": "\nRoba una carta de desarrollo para empezar a enterrar el tótem. (Escribe 'y'): ",
        "g_bury_draw_2": "\nRoba otra carta para terminar de enterrar el tótem. (Escribe 'y'): ",
        "g_win_msg": "\n***¡GANASTE! - ¡Has enterrado con éxito el tótem en el cementerio!***",
        "g_lose_msg1": "\n***¡FIN DEL JUEGO! - No sobreviviste la segunda carta de desarrollo.***",
        "g_lose_msg2": "\n***¡FIN DEL JUEGO! - No sobreviviste la primera carta de desarrollo.***",
        "g_choose_bury_no": "\nElegiste no enterrar el tótem.",
        "g_lose_msg3": "\n***¡FIN DEL JUEGO! - Se acabó el tiempo***",
        "g_find_totem_prompt": "\nRoba una carta de desarrollo para buscar el tótem (Escribe 'y')",
        "g_totem_aqquired_msg": "\nTótem adquirido",
        "g_lose_msg4": "\n***¡FIN DEL JUEGO! - Te quedaste sin vidas***",
        "p_on_tile_msg": "\nLoseta inicial del jugador: {name}",
        "p_error_no_foyer": "\n!!!Error: No se encontró la loseta de entrada!!!",
        "p_error_cant_move_wall": "\n!!!Error: No se puede mover {name}, hay una pared!!!",
        "p_error_cant_move_in_out": "\n!!!Error: No se puede mover de {self.current_tile.name} (Exterior) a {next_tile.name} (Interior). ¡Debes pasar por el patio!!!",
        "p_player_moved_from_to": "\nEl jugador se movió {direction} a {current_tile}",
        "p_player_tile_no": "\n---No hay más losetas para robar.---",
        "p_tile_drew": "\nHas robado la loseta {tile}",
        "p_moved_to_prev_tile": "\nEl jugador se movió a una loseta explorada previamente: {current_tile}",
        "p_aval_exits": "\nEstás en {current_tile}. Las salidas son: {exits}",
        "p_health_msg": "\nLa salud del jugador ahora es {health}",
        "g_map_title": "\n------------Mapa------------\n",
        "g_tile_cant_outdoor": "\nLa ficha de Patio no está disponible en las fichas exteriores.",
        "g_info_1": "\n\nHora: {time}:00\nSalud: {health}\nAtaque: {attack_points}\n",
        "g_info_2": "\nFicha Actual: {current_tile}\n",
        "g_info_3": "\nFicha Anterior: {previous_tile}\n",
        "g_info_4": "\nInventario: {item}\n",
        "p_invalid_dir": "\nDirección inválida. Por favor elige una dirección válida.",
        "p_choose_dir_or_save": "\n(Escribe '//save' para guardar el progreso) Elige una dirección para moverte ({exits}): "
    },
    "zh": {
        "g_get_card_prompt_def": "\n抽取开发卡片（输入'y': ）",
        "g_get_card_prompt_must": "\n你必须抽取一张开发卡片！！！（输入'y'）",
        "g_last_card": "\n最后一张卡片已抽取，重新洗牌",
        "g_time_updated": "\n<时间已更新为 {time}:00>",
        "g_cower_prompt_def": "\n你的健康值很低！你想要躲藏以恢复健康吗？（输入'cower'躲藏或'continue'继续）",
        "g_cower_prompt_must": "\n请选择一个有效的选项！你想要躲藏以恢复健康吗？（输入'cower'躲藏或'continue'继续）",
        "g_fight_zombie_prompt_def": "\n有 {zombies} 只僵尸！你想战斗还是逃跑？（输入'fight'或'run'）：",
        "g_fight_zombie_prompt_must": "\n请选择一个有效的选项！你想战斗还是逃跑？（输入'fight'或'run'）：",
        "g_draw_item_prompt_def": "\n你想再抽一张开发卡片来获取物品吗？（输入'y'表示是，输入'n'表示否）",
        "g_draw_item_prompt_must": "\n请选择一个有效的选项！你想再抽一张开发卡片来获取物品吗？（输入'y'表示是，输入'n'表示否）",
        "g_print_event": "\n发生了事件：{event}",
        "g_no_item": "\n你选择了不获取物品。继续游戏...",
        "g_get_card_prompt_item": "\n请抽取另一张卡片以获取物品（输入'y'）",
        "g_no_tile_to_run_away": "\n!!没有先前探索的砖块。你必须留下来战斗!!",
        "g_run_away": "\n你选择了逃跑！你可以移动到先前探索过的砖块",
        "g_run_away_tile_prompt": "\n选择一个要逃跑的砖块编号：",
        "g_run_away_to": "\n玩家逃跑到 {name}，失去 1 点健康值。",
        "g_run_away_error1": "\n选择无效。请选择一个有效的砖块编号。",
        "g_run_away_error2": "\n请输入一个有效的编号。",
        "g_cowerd_msg": "\n你选择了躲藏，蜷缩起来恢复健康...",
        "g_cowerd_health_gained": "\n玩家通过躲藏恢复了 3 点健康值",
        "g_cowered_time_passed": "\n时间流逝，你正在恢复（从牌堆中丢弃了一张开发卡片。）",
        "g_used_candle_oil": "\n使用了蜡烛和油。没有受到伤害。",
        "g_used_candle_gas": "\n使用了蜡烛和汽油。没有受到伤害。",
        "g_damage_recieved": "\n玩家受到了 {damage} 点伤害",
        "g_no_damage_recieved": "\n玩家没有受到任何伤害",
        "g_tile_special_recieved": "\n你从特殊砖块 {name} 中获得了奖励：{special}",
        "g_replace_item": "\n选择一个物品进行替换？\n 1. {item0}\n 2. {item1}\n3. 不替换物品\n选项：",
        "g_no_item_replace": "\n\n玩家选择不替换背包中的物品。\n",
        "g_invalid_item_alarm": "\n!!!错误：在开发卡片列表中未找到物品 '{item}'!!!",
        "g_combain_gas_chain_prompt": "\n你想将汽油和电锯组合来为电锯加燃料吗？（输入'y'表示是，其他任意键表示否）：",
        "g_combain_gas_chain_msg": "\n汽油已用于为电锯加燃料。电锯使用次数增加了 2 次。",
        "g_chainsaw_use_count": "\n\n电锯可使用次数：{count}",
        "g_combain_candle_oil_prompt": "\n你同时拥有蜡烛和油。使用它们可以防止任何伤害。你想使用它们吗？（输入'y'表示是，其他任意键表示否）：",
        "g_combain_candle_gas_prompt": "\n你同时拥有蜡烛和汽油。使用它们可以防止任何伤害。你想使用它们吗？（输入'y'表示是，其他任意键表示否）：",
        "g_use_item_prompt": "\n确认使用此物品：{item}？（输入'y'表示是，其他任意键表示否）：",
        "g_choose_use_item": "\n你想使用哪件物品？\n1. {item1}\n2. {item2}\n3. 不使用物品\n选项：",
        "g_no_item_used": "\n未使用任何物品。",
        "g_item_used": "\n{item} 已使用。从背包中移除。",
        "g_chainsaw_used": "\n电锯已使用。剩余次数：{count}",
        "g_max_chainsaw_used": "\n电锯已达到最大使用次数。从背包中移除。",
        "g_place_patio_prompt": "\n你现在可以放置露台砖块以进入户外区域。你想继续吗？（y/n）：",
        "g_placed_patio_msg": "\n你已放置了露台砖块",
        "g_patio_place_error_alarm": "\n!!!错误：保留的出口被其他砖块挡住了。无法放置露台砖块。!!!",
        "g_patio_no_placed": "\n你选择了不放置露台砖块。",
        "g_place_patio_prompt_must": "\n命令无效！你现在可以放置露台砖块以进入户外区域。你想继续吗？（y/n）：",
        "g_evil_temple_draw_prompt": "\n抽取一张开发卡片来寻找图腾（输入'y'）：",
        "g_deadend_prompt": "\n你已经到达了死胡同！你想使用僵尸门突破墙壁吗？（输入'y'表示是，其他任意键表示否）：",
        "g_deadend_stay_msg": "\n你选择了留下来，并被困在当前房间中。",
        "g_choose_wall_prompt": "\n选择一个让僵尸突破的墙壁-\n1: 左\n2: 上\n3: 右\n4: 下\n选项（1 - 4）：",
        "g_choose_wall_msg": "\n僵尸突破了 {dir} 墙！",
        "g_invalid_choice": "\n选择无效。请选择 1 到 4 之间的数字：",
        "g_invalid_input": "\n输入无效。请选择 1 到 4 之间的数字：",
        "g_final_prompt1": "\n你在墓地并持有图腾。你可以尝试埋葬图腾。\n你想要埋葬图腾吗？（y/n）：",
        "g_bury_draw_1": "\n抽取一张开发卡片开始埋葬图腾。（输入'y'）：",
        "g_bury_draw_2": "\n再抽一张卡片完成图腾的埋葬。（输入'y'）：",
        "g_win_msg": "\n***你赢了！ - 你成功地将图腾埋葬在墓地！***",
        "g_lose_msg1": "\n***游戏结束！ - 你未能在第二张开发卡片中存活下来。***",
        "g_lose_msg2": "\n***游戏结束！ - 你未能在第一张开发卡片中存活下来。***",
        "g_choose_bury_no": "\n你选择不埋葬图腾。",
        "g_lose_msg3": "\n***游戏结束！ - 时间用尽***",
        "g_find_totem_prompt": "\n抽取一张开发卡片来寻找图腾（输入'y'）",
        "g_totem_aqquired_msg": "\n图腾已获取",
        "g_lose_msg4": "\n***游戏结束！ - 生命用尽***",
        "p_on_tile_msg": "\n玩家开始的砖块：{name}",
        "p_error_no_foyer": "\n!!!错误：未找到门厅砖块!!!",
        "p_error_cant_move_wall": "\n!!!错误：无法移动 {name}，有一堵墙挡住了!!!",
        "p_error_cant_move_in_out": "\n!!!错误：无法从 {self.current_tile.name}（户外）移动到 {next_tile.name}（室内）。你必须经过露台！！！",
        "p_player_moved_from_to": "\n玩家从 {direction} 移动到了 {current_tile}",
        "p_player_tile_no": "\n---没有更多的砖块可抽取。---",
        "p_tile_drew": "\n你抽取了瓷砖 {tile}",
        "p_moved_to_prev_tile": "\n玩家移动到先前探索过的瓷砖：{current_tile}",
        "p_aval_exits": "\n你在 {current_tile}。出口有：{exits}",
        "p_health_msg": "\n玩家的健康现在是 {health}",
        "g_map_title": "\n------------地图------------\n",
        "g_tile_cant_outdoor": "\n庭院的瓷砖不能用于外部区域。",
        "g_info_1": "\n\n时间: {time}:00\n健康: {health}\n攻击力: {attack_points}\n",
        "g_info_2": "\n当前瓷砖: {current_tile}\n",
        "g_info_3": "\n前一个瓷砖: {previous_tile}\n",
        "g_info_4": "\n物品栏: {item}\n",
        "p_invalid_dir": "\n无效的方向。请选择一个有效的方向。",
        "p_choose_dir_or_save": "\n(输入 '//save' 保存进度) 选择一个方向移动 ({exits}): "
    },
    "jp": {
        "g_get_card_prompt_def": "\nデブカードを引いてください (「y」と入力してください): ",
        "g_get_card_prompt_must": "\nデブカードを引かなければなりません！！！ (「y」と入力してください)",
        "g_last_card": "\n最後のカードが引かれました。カードをシャッフルしています",
        "g_time_updated": "\n<時間が {time}:00 に更新されました>",
        "g_cower_prompt_def": "\nあなたの健康が低いです！ 健康を回復するためにしゃがみますか？ (「cower」と入力してしゃがむか、「continue」と入力して続行する)",
        "g_cower_prompt_must": "\n有効なオプションを選択してください！ 健康を回復するためにしゃがみますか？ (「cower」と入力してしゃがむか、「continue」と入力して続行する)",
        "g_fight_zombie_prompt_def": "\n{zombies}体のゾンビがいます！ 戦いますか、それとも逃げますか？ (「fight」または「run」と入力してください): ",
        "g_fight_zombie_prompt_must": "\n有効なオプションを選択してください！ 戦いますか、それとも逃げますか？ (「fight」または「run」と入力してください): ",
        "g_draw_item_prompt_def": "\nアイテムを取得するために別のデブカードを引きますか？ (「y」ならはい、「n」ならいいえ)",
        "g_draw_item_prompt_must": "\n有効なオプションを選択してください！ アイテムを取得するために別のデブカードを引きますか？ (「y」ならはい、「n」ならいいえ)",
        "g_print_event": "\nイベントが発生しました: {event}",
        "g_no_item": "\nアイテムを取得しないことにしました。ゲームを続行します...",
        "g_get_card_prompt_item": "\nアイテムを取得するために別のカードを引いてください (「y」と入力してください)",
        "g_no_tile_to_run_away": "\n!!以前に探索したタイルがありません。戦う必要があります!!",
        "g_run_away": "\n逃げることを選びました！ 以前に探索したタイルに移動できます。",
        "g_run_away_tile_prompt": "\n逃げるタイルの番号を選んでください: ",
        "g_run_away_to": "\nプレイヤーが {name} に逃げ、1の健康を失いました。",
        "g_run_away_error1": "\n無効な選択です。有効なタイル番号を選んでください。",
        "g_run_away_error2": "\n有効な数字を入力してください。",
        "g_cowerd_msg": "\nしゃがむことを選び、健康を回復しました...",
        "g_cowerd_health_gained": "\nプレイヤーがしゃがむことで3の健康ポイントを獲得しました",
        "g_cowered_time_passed": "\n回復する間に時間が経過しました (デブカードがデッキから破棄されました。)",
        "g_used_candle_oil": "\nキャンドルとオイルが使用されました。ダメージを受けませんでした。",
        "g_used_candle_gas": "\nキャンドルとガソリンが使用されました。ダメージを受けませんでした。",
        "g_damage_recieved": "\nプレイヤーが {damage} のダメージを受けました",
        "g_no_damage_recieved": "\nプレイヤーはダメージを受けませんでした",
        "g_tile_special_recieved": "\nタイルの特殊なボーナスを受け取りました: {name} : {special}",
        "g_replace_item": "\n置き換えるアイテムを選んでください: \n 1. {item0}\n 2. {item1} \n3. アイテムを置き換えない\nオプション: ",
        "g_no_item_replace": "\n\nプレイヤーはインベントリ内のアイテムを置き換えないことを選びました。\n",
        "g_invalid_item_alarm": "\n!!!エラー: アイテム '{item}' が開発カードリストに見つかりません。!!!",
        "g_combain_gas_chain_prompt": "\nガソリンとチェーンソーを組み合わせてチェーンソーに燃料を追加しますか？ (はいの場合は「y」、いいえの場合は他のキー): ",
        "g_combain_gas_chain_msg": "\nガソリンがチェーンソーに使用されました。チェーンソーの使用回数が2増えました。",
        "g_chainsaw_use_count": "\n\nチェーンソーの使用回数: {count}",
        "g_combain_candle_oil_prompt": "\nキャンドルとオイルの両方を持っています。両方を使用するとダメージを防ぎます。使用しますか？ (はいの場合は「y」、いいえの場合は他のキー): ",
        "g_combain_candle_gas_prompt": "\nキャンドルとガソリンの両方を持っています。両方を使用するとダメージを防ぎます。使用しますか？ (はいの場合は「y」、いいえの場合は他のキー): ",
        "g_use_item_prompt": "\nこのアイテムを使用することを確認します: {item}? (はいの場合は「y」、いいえの場合は他のキー): ",
        "g_choose_use_item": "\nどのアイテムを使用しますか？ \n1. {item1} \n2. {item2}\n3. アイテムを使用しない\nオプション: ",
        "g_no_item_used": "\nアイテムは使用されませんでした。",
        "g_item_used": "\n{item} が使用されました。インベントリから削除されました。",
        "g_chainsaw_used": "\nチェーンソーが使用されました。残りの使用回数: {count}",
        "g_max_chainsaw_used": "\nチェーンソーが最大使用回数に達しました。インベントリから削除されました。",
        "g_place_patio_prompt": "\nパティオタイルを配置して屋外エリアにアクセスできます。進めますか？ (y/n): ",
        "g_placed_patio_msg": "\nパティオタイルを配置しました",
        "g_patio_place_error_alarm": "\n!!!エラー: 予約された出口が他のタイルによってブロックされています。パティオタイルを配置できません。!!!",
        "g_patio_no_placed": "\nパティオタイルを配置しないことを選びました",
        "g_place_patio_prompt_must": "\n無効なコマンド！ 屋外エリアにアクセスするためにパティオタイルを配置できます。進めますか？ (y/n): ",
        "g_evil_temple_draw_prompt": "\nトーテムを探すためにデブカードを引いてください (「y」と入力してください): ",
        "g_deadend_prompt": "\n行き止まりに達しました！ ゾンビの扉を使用して壁を突破しますか？ (はいの場合は「y」、いいえの場合は他のキー): ",
        "g_deadend_stay_msg": "\n残ることを選び、現在の部屋に閉じ込められました。",
        "g_choose_wall_prompt": "\nゾンビが突破する壁を選んでください-\n1: 左\n2: 上\n3: 右\n4: 下\nオプション (1 - 4): ",
        "g_choose_wall_msg": "\nゾンビが {dir} の壁を突破しました！",
        "g_invalid_choice": "\n無効な選択です。1から4の間で番号を選んでください: ",
        "g_invalid_input": "\n無効な入力です。1から4の間で数字を選んでください: ",
        "g_final_prompt1": "\n墓地にいてトーテムを持っています。トーテムを埋めることを試みることができます。\nトーテムを埋めますか？ (y/n): ",
        "g_bury_draw_1": "\nトーテムを埋めるためにデブカードを引いてください (「y」と入力してください): ",
        "g_bury_draw_2": "\nトーテムを埋めるためにもう一枚カードを引いてください (「y」と入力してください): ",
        "g_win_msg": "\n***あなたの勝利です！ - 墓地にトーテムを無事に埋めました！***",
        "g_lose_msg1": "\n***ゲームオーバー！ - 二枚目のデブカードで生き残れませんでした。***",
        "g_choose_bury_no": "\nトーテムを埋めることを選びませんでした。",
        "g_lose_msg3": "\n***ゲームオーバー! - 時間切れです***",
        "g_find_totem_prompt": "\nトーテムを探すためにデブカードを引いてください（'y'と入力してください）",
        "g_totem_aqquired_msg": "\nトーテムを取得しました",
        "g_lose_msg4": "\n***ゲームオーバー! - ライフが尽きました***",
        "p_on_tile_msg": "\nプレイヤーの開始タイル: {name}",
        "p_error_no_foyer": "\n!!!エラー: ホワイエタイルが見つかりません!!!",
        "p_error_cant_move_wall": "\n!!!エラー: {name} に移動できません。壁があります!!!",
        "p_error_cant_move_in_out": "\n!!!エラー: {self.current_tile.name}（屋外）から {next_tile.name}（屋内）に移動できません。パティオを通る必要があります!!!",
        "p_player_moved_from_to": "\nプレイヤーが {direction} に {current_tile} へ移動しました",
        "p_player_tile_no": "\n---引くタイルがありません。---",
        "p_tile_drew": "\n{tile} タイルを引きました",
        "p_moved_to_prev_tile": "\nプレイヤーが以前に探検したタイル: {current_tile} に移動しました",
        "p_aval_exits": "\n現在のタイル: {current_tile}。出口は: {exits}",
        "p_health_msg": "\nプレイヤーの健康は現在 {health} です",
        "g_map_title": "\n------------マップ------------\n",
        "g_tile_cant_outdoor": "\nパティオタイルは屋外タイルでは使用できません。",
        "g_info_1": "\n\n時間: {time}:00\n健康: {health}\n攻撃: {attack_points}\n",
        "g_info_2": "\n現在のタイル: {current_tile}\n",
        "g_info_3": "\n前のタイル: {previous_tile}\n",
        "g_info_4": "\nインベントリ: {item}\n",
        "p_invalid_dir": "\n無効な方向です。正しい方向を選んでください",
        "p_choose_dir_or_save": "\n(進捗を保存するには '//save' と入力してください) 移動する方向を選んでください ({exits}): "
    }
}